method,metric,value
AODV,delay_ms,9.86478600069838
AODV,delay_ms,12.005717317892458
AODV,delay_ms,10.764928066442737
AODV,delay_ms,18.884628237207835
AODV,delay_ms,19.31306925314145
AODV,delay_ms,6.708394244191554
AODV,delay_ms,6.05372092293707
AODV,delay_ms,6.655806454727152
AODV,delay_ms,24.303228147435192
AODV,delay_ms,6.050814689680548
AODV,delay_ms,6.354394199714883
AODV,delay_ms,10.297790047007812
AODV,delay_ms,6.0474625561962885
AODV,delay_ms,6.654447503794346
AODV,delay_ms,6.418935027233099
AODV,delay_ms,6.229191977701279
AODV,delay_ms,42.304293093157504
AODV,delay_ms,6.344413240131249
AODV,delay_ms,6.25965900338979
AODV,delay_ms,6.513350311213723
AODV,delay_ms,12.703204889599574
AODV,delay_ms,6.243762473874819
AODV,delay_ms,6.1697368234226735
AODV,delay_ms,12.708187018283091
AODV,delay_ms,13.877323969632656
AODV,delay_ms,6.72213862256026
AODV,delay_ms,6.1464164172665825
AODV,delay_ms,6.299338703193577
AODV,delay_ms,42.304293093157504
AODV,delay_ms,30.08361440687992
AODV,delay_ms,6.547514504102777
AODV,delay_ms,11.401990151253882
AODV,delay_ms,6.546312191649999
AODV,delay_ms,34.057665901738105
AODV,delay_ms,17.93485101480325
AODV,delay_ms,16.22542561055796
AODV,delay_ms,6.071973602253113
AODV,delay_ms,6.382921225239257
AODV,delay_ms,14.861440862398412
AODV,delay_ms,11.142672315861184
AODV,delay_ms,15.712111744125306
AODV,delay_ms,11.105173041834316
AODV,delay_ms,6.274538919740035
AODV,delay_ms,6.229095983771674
AODV,delay_ms,6.37949122922586
AODV,delay_ms,16.4505001665216
AODV,delay_ms,6.5460801446985855
AODV,delay_ms,6.638616257804409
AODV,delay_ms,38.10549704502736
AODV,delay_ms,6.166428338029776
AODV,delay_ms,9.84724295095176
AODV,delay_ms,11.265896820600453
AODV,delay_ms,6.281377484837898
AODV,delay_ms,20.103084753395745
AODV,delay_ms,10.064890774742558
AODV,delay_ms,11.618184147202836
AODV,delay_ms,12.496647378605445
AODV,delay_ms,6.230770046896723
AODV,delay_ms,25.997893564508868
AODV,delay_ms,6.436012308215906
AODV,delay_ms,6.738078208576243
AODV,delay_ms,6.202906947542759
AODV,delay_ms,19.156294547315273
AODV,delay_ms,23.55064463227973
AODV,delay_ms,6.425351431012488
AODV,delay_ms,12.576107758345264
AODV,delay_ms,32.306833444836414
AODV,delay_ms,9.818217388968684
AODV,delay_ms,12.662371832400485
AODV,delay_ms,6.630955291319772
AODV,delay_ms,6.416026382184672
AODV,delay_ms,17.317418365288926
AODV,delay_ms,6.162910627235255
AODV,delay_ms,9.699268161434492
AODV,delay_ms,13.205732270735995
AODV,delay_ms,6.379805873427064
AODV,delay_ms,11.051951847467713
AODV,delay_ms,10.5773379982398
AODV,delay_ms,6.5687053383391
AODV,delay_ms,6.06535207415109
AODV,delay_ms,6.449832833503564
AODV,delay_ms,9.51190644312754
AODV,delay_ms,24.85096708427035
AODV,delay_ms,14.674787506949944
AODV,delay_ms,10.006212342623833
AODV,delay_ms,12.920760092606296
AODV,delay_ms,15.258437843262591
AODV,delay_ms,6.242134004114822
AODV,delay_ms,6.689564897793446
AODV,delay_ms,9.923565482645209
AODV,delay_ms,31.438525330002417
AODV,delay_ms,35.839906198511684
AODV,delay_ms,12.5564406757539
AODV,delay_ms,29.85935122706468
AODV,delay_ms,6.296369676080062
AODV,delay_ms,13.462184891007876
AODV,delay_ms,10.257722839166734
AODV,delay_ms,15.972430470147687
AODV,delay_ms,6.06877050800474
AODV,delay_ms,6.4362116988434375
AODV,delay_ms,6.659642893111746
AODV,delay_ms,6.3552664825529614
AODV,delay_ms,15.867397839515885
AODV,delay_ms,6.568623786360755
AODV,delay_ms,30.876410371696878
AODV,delay_ms,10.700662340147641
AODV,delay_ms,12.213959404678402
AODV,delay_ms,9.97313324286574
AODV,delay_ms,6.656868230366108
AODV,delay_ms,6.276523585414515
AODV,delay_ms,6.40481012000327
AODV,delay_ms,11.953950996603755
AODV,delay_ms,6.194003650604771
AODV,delay_ms,18.402797486813476
AODV,delay_ms,11.148228184225186
AODV,delay_ms,10.497845193240206
AODV,delay_ms,14.251325790096656
AODV,delay_ms,10.996096225129804
AODV,delay_ms,20.44606217449653
AODV,delay_ms,6.285884413586217
AODV,delay_ms,9.815348692381026
AODV,delay_ms,6.320434357187784
AODV,delay_ms,20.629519176525164
AODV,delay_ms,6.276523585414515
AODV,delay_ms,6.424494680487064
AODV,delay_ms,9.783804662701435
AODV,delay_ms,34.887846293103586
AODV,delay_ms,9.566903659225847
AODV,delay_ms,6.076835888616115
AODV,delay_ms,11.457843424191703
AODV,delay_ms,11.309528966423509
AODV,delay_ms,6.146264911890135
AODV,delay_ms,19.765560965850185
AODV,delay_ms,9.545502749084909
AODV,delay_ms,14.784370872804494
AODV,delay_ms,11.020878361688991
AODV,delay_ms,9.575355003879448
AODV,delay_ms,6.459764216493591
AODV,delay_ms,10.452672218174683
AODV,delay_ms,11.181109821551214
AODV,delay_ms,6.549074188868351
AODV,delay_ms,6.458558949774496
AODV,delay_ms,6.18806385019243
AODV,delay_ms,6.055522690076639
AODV,delay_ms,6.573393502999718
AODV,delay_ms,28.31264087852241
AODV,delay_ms,6.399447317777352
AODV,delay_ms,53.11368203167019
AODV,delay_ms,34.4309198870923
AODV,delay_ms,6.169531964633321
AODV,delay_ms,11.263412196483799
AODV,delay_ms,6.203215105058211
AODV,delay_ms,20.292843048505958
AODV,delay_ms,28.931453439065038
AODV,delay_ms,6.3695889325848984
AODV,delay_ms,14.911362917387804
AODV,delay_ms,6.645668205805653
AODV,delay_ms,13.153302566159313
AODV,delay_ms,6.056277512859696
AODV,delay_ms,24.91177036415993
AODV,throughput_mbps,2.3016
AODV,throughput_mbps,1.6439999999999995
AODV,throughput_mbps,1.9727999999999997
AODV,throughput_mbps,0.8219999999999997
AODV,throughput_mbps,0.8219999999999997
AODV,throughput_mbps,5.4251999999999985
AODV,throughput_mbps,7.726799999999998
AODV,throughput_mbps,5.589599999999999
AODV,throughput_mbps,1.4796000000000002
AODV,throughput_mbps,7.726799999999998
AODV,throughput_mbps,6.411599999999999
AODV,throughput_mbps,2.1372
AODV,throughput_mbps,7.726799999999998
AODV,throughput_mbps,5.589599999999999
AODV,throughput_mbps,6.247199999999999
AODV,throughput_mbps,6.904799999999999
AODV,throughput_mbps,0.8219999999999997
AODV,throughput_mbps,6.576
AODV,throughput_mbps,6.740399999999999
AODV,throughput_mbps,5.918399999999999
AODV,throughput_mbps,1.4796000000000002
AODV,throughput_mbps,6.904799999999999
AODV,throughput_mbps,7.233599999999999
AODV,throughput_mbps,1.4796000000000002
AODV,throughput_mbps,1.3152000000000001
AODV,throughput_mbps,5.4251999999999985
AODV,throughput_mbps,7.233599999999999
AODV,throughput_mbps,6.740399999999999
AODV,throughput_mbps,0.8219999999999997
AODV,throughput_mbps,0.8219999999999997
AODV,throughput_mbps,5.918399999999999
AODV,throughput_mbps,1.8083999999999996
AODV,throughput_mbps,5.918399999999999
AODV,throughput_mbps,0.8219999999999997
AODV,throughput_mbps,0.8219999999999997
AODV,throughput_mbps,0.9863999999999998
AODV,throughput_mbps,7.562399999999999
AODV,throughput_mbps,6.411599999999999
AODV,throughput_mbps,1.1508
AODV,throughput_mbps,1.8083999999999996
AODV,throughput_mbps,2.3016
AODV,throughput_mbps,1.8083999999999996
AODV,throughput_mbps,6.740399999999999
AODV,throughput_mbps,6.904799999999999
AODV,throughput_mbps,6.411599999999999
AODV,throughput_mbps,0.9863999999999998
AODV,throughput_mbps,5.918399999999999
AODV,throughput_mbps,5.589599999999999
AODV,throughput_mbps,0.8219999999999997
AODV,throughput_mbps,7.233599999999999
AODV,throughput_mbps,2.3016
AODV,throughput_mbps,1.8083999999999996
AODV,throughput_mbps,6.740399999999999
AODV,throughput_mbps,0.8219999999999997
AODV,throughput_mbps,2.1372
AODV,throughput_mbps,1.6439999999999995
AODV,throughput_mbps,1.4796000000000002
AODV,throughput_mbps,6.904799999999999
AODV,throughput_mbps,0.8219999999999997
AODV,throughput_mbps,6.247199999999999
AODV,throughput_mbps,5.4251999999999985
AODV,throughput_mbps,7.069199999999999
AODV,throughput_mbps,1.4796000000000002
AODV,throughput_mbps,0.8219999999999997
AODV,throughput_mbps,6.247199999999999
AODV,throughput_mbps,6.082799999999999
AODV,throughput_mbps,0.8219999999999997
AODV,throughput_mbps,2.3016
AODV,throughput_mbps,6.247199999999999
AODV,throughput_mbps,5.589599999999999
AODV,throughput_mbps,6.247199999999999
AODV,throughput_mbps,0.9863999999999998
AODV,throughput_mbps,7.233599999999999
AODV,throughput_mbps,2.3016
AODV,throughput_mbps,1.3152000000000001
AODV,throughput_mbps,6.411599999999999
AODV,throughput_mbps,1.8083999999999996
AODV,throughput_mbps,1.9727999999999997
AODV,throughput_mbps,5.753999999999999
AODV,throughput_mbps,7.726799999999998
AODV,throughput_mbps,6.082799999999999
AODV,throughput_mbps,2.466
AODV,throughput_mbps,0.8219999999999997
AODV,throughput_mbps,1.1508
AODV,throughput_mbps,2.1372
AODV,throughput_mbps,5.4251999999999985
AODV,throughput_mbps,1.1508
AODV,throughput_mbps,6.904799999999999
AODV,throughput_mbps,5.4251999999999985
AODV,throughput_mbps,2.1372
AODV,throughput_mbps,0.8219999999999997
AODV,throughput_mbps,0.8219999999999997
AODV,throughput_mbps,1.4796000000000002
AODV,throughput_mbps,0.8219999999999997
AODV,throughput_mbps,6.740399999999999
AODV,throughput_mbps,1.3152000000000001
AODV,throughput_mbps,2.1372
AODV,throughput_mbps,0.9863999999999998
AODV,throughput_mbps,7.726799999999998
AODV,throughput_mbps,6.247199999999999
AODV,throughput_mbps,5.589599999999999
AODV,throughput_mbps,6.411599999999999
AODV,throughput_mbps,2.466
AODV,throughput_mbps,5.753999999999999
AODV,throughput_mbps,0.8219999999999997
AODV,throughput_mbps,1.9727999999999997
AODV,throughput_mbps,1.4796000000000002
AODV,throughput_mbps,2.1372
AODV,throughput_mbps,5.589599999999999
AODV,throughput_mbps,6.740399999999999
AODV,throughput_mbps,6.247199999999999
AODV,throughput_mbps,1.6439999999999995
AODV,throughput_mbps,7.069199999999999
AODV,throughput_mbps,1.6439999999999995
AODV,throughput_mbps,1.8083999999999996
AODV,throughput_mbps,1.9727999999999997
AODV,throughput_mbps,1.1508
AODV,throughput_mbps,1.8083999999999996
AODV,throughput_mbps,0.8219999999999997
AODV,throughput_mbps,6.740399999999999
AODV,throughput_mbps,2.3016
AODV,throughput_mbps,6.576
AODV,throughput_mbps,0.8219999999999997
AODV,throughput_mbps,6.740399999999999
AODV,throughput_mbps,6.247199999999999
AODV,throughput_mbps,2.3016
AODV,throughput_mbps,0.8219999999999997
AODV,throughput_mbps,2.3016
AODV,throughput_mbps,7.562399999999999
AODV,throughput_mbps,1.6439999999999995
AODV,throughput_mbps,1.8083999999999996
AODV,throughput_mbps,7.233599999999999
AODV,throughput_mbps,1.3152000000000001
AODV,throughput_mbps,2.3016
AODV,throughput_mbps,1.1508
AODV,throughput_mbps,1.8083999999999996
AODV,throughput_mbps,2.3016
AODV,throughput_mbps,6.082799999999999
AODV,throughput_mbps,1.9727999999999997
AODV,throughput_mbps,1.8083999999999996
AODV,throughput_mbps,5.918399999999999
AODV,throughput_mbps,6.082799999999999
AODV,throughput_mbps,7.069199999999999
AODV,throughput_mbps,7.726799999999998
AODV,throughput_mbps,5.753999999999999
AODV,throughput_mbps,1.1508
AODV,throughput_mbps,6.247199999999999
AODV,throughput_mbps,0.8219999999999997
AODV,throughput_mbps,0.8219999999999997
AODV,throughput_mbps,7.233599999999999
AODV,throughput_mbps,1.8083999999999996
AODV,throughput_mbps,7.069199999999999
AODV,throughput_mbps,1.3152000000000001
AODV,throughput_mbps,1.1508
AODV,throughput_mbps,6.411599999999999
AODV,throughput_mbps,1.1508
AODV,throughput_mbps,5.589599999999999
AODV,throughput_mbps,1.3152000000000001
AODV,throughput_mbps,7.726799999999998
AODV,throughput_mbps,0.8219999999999997
DSDV,delay_ms,8.36478600069838
DSDV,delay_ms,10.505717317892458
DSDV,delay_ms,9.264928066442737
DSDV,delay_ms,17.384628237207835
DSDV,delay_ms,31.94283242257454
DSDV,delay_ms,5.208394244191554
DSDV,delay_ms,4.55372092293707
DSDV,delay_ms,5.155806454727152
DSDV,delay_ms,9.901973606186262
DSDV,delay_ms,4.550814689680548
DSDV,delay_ms,4.854394199714883
DSDV,delay_ms,8.797790047007812
DSDV,delay_ms,4.5474625561962885
DSDV,delay_ms,22.9633781442218
DSDV,delay_ms,28.56765944489023
DSDV,delay_ms,4.729191977701279
DSDV,delay_ms,39.304293093157504
DSDV,delay_ms,4.844413240131249
DSDV,delay_ms,4.75965900338979
DSDV,delay_ms,5.013350311213723
DSDV,delay_ms,11.203204889599574
DSDV,delay_ms,4.743762473874819
DSDV,delay_ms,4.6697368234226735
DSDV,delay_ms,11.208187018283091
DSDV,delay_ms,18.572553519261483
DSDV,delay_ms,5.22213862256026
DSDV,delay_ms,4.6464164172665825
DSDV,delay_ms,22.065452879632375
DSDV,delay_ms,39.304293093157504
DSDV,delay_ms,28.58361440687992
DSDV,delay_ms,23.63271468822182
DSDV,delay_ms,9.901990151253882
DSDV,delay_ms,5.046312191649999
DSDV,delay_ms,31.057665901738105
DSDV,delay_ms,16.43485101480325
DSDV,delay_ms,14.72542561055796
DSDV,delay_ms,27.19773543094898
DSDV,delay_ms,4.882921225239257
DSDV,delay_ms,13.361440862398412
DSDV,delay_ms,9.642672315861184
DSDV,delay_ms,12.712111744125306
DSDV,delay_ms,9.605173041834316
DSDV,delay_ms,9.503829062546826
DSDV,delay_ms,4.729095983771674
DSDV,delay_ms,13.184893206883483
DSDV,delay_ms,14.9505001665216
DSDV,delay_ms,13.064816795332773
DSDV,delay_ms,5.138616257804409
DSDV,delay_ms,36.60549704502736
DSDV,delay_ms,4.666428338029776
DSDV,delay_ms,8.34724295095176
DSDV,delay_ms,9.765896820600453
DSDV,delay_ms,4.781377484837898
DSDV,delay_ms,18.603084753395745
DSDV,delay_ms,8.564890774742558
DSDV,delay_ms,10.118184147202836
DSDV,delay_ms,10.996647378605445
DSDV,delay_ms,4.730770046896723
DSDV,delay_ms,22.997893564508868
DSDV,delay_ms,4.936012308215906
DSDV,delay_ms,5.238078208576243
DSDV,delay_ms,4.702906947542759
DSDV,delay_ms,16.156294547315273
DSDV,delay_ms,22.05064463227973
DSDV,delay_ms,4.925351431012488
DSDV,delay_ms,9.576107758345264
DSDV,delay_ms,29.306833444836414
DSDV,delay_ms,8.318217388968684
DSDV,delay_ms,9.662371832400485
DSDV,delay_ms,5.130955291319772
DSDV,delay_ms,4.916026382184672
DSDV,delay_ms,14.009905584546622
DSDV,delay_ms,4.662910627235255
DSDV,delay_ms,8.199268161434492
DSDV,delay_ms,11.705732270735995
DSDV,delay_ms,4.879805873427064
DSDV,delay_ms,23.87677394158144
DSDV,delay_ms,9.0773379982398
DSDV,delay_ms,5.0687053383391
DSDV,delay_ms,9.256753905969582
DSDV,delay_ms,4.949832833503564
DSDV,delay_ms,8.01190644312754
DSDV,delay_ms,23.35096708427035
DSDV,delay_ms,13.174787506949944
DSDV,delay_ms,9.348799852325303
DSDV,delay_ms,10.013698204082
DSDV,delay_ms,13.758437843262591
DSDV,delay_ms,4.742134004114822
DSDV,delay_ms,5.189564897793446
DSDV,delay_ms,9.64900882087371
DSDV,delay_ms,28.438525330002417
DSDV,delay_ms,22.70187666546808
DSDV,delay_ms,11.0564406757539
DSDV,delay_ms,28.35935122706468
DSDV,delay_ms,4.796369676080062
DSDV,delay_ms,11.962184891007876
DSDV,delay_ms,8.757722839166734
DSDV,delay_ms,14.472430470147687
DSDV,delay_ms,9.783679972198517
DSDV,delay_ms,4.9362116988434375
DSDV,delay_ms,5.159642893111746
DSDV,delay_ms,4.8552664825529614
DSDV,delay_ms,47.581969231809346
DSDV,delay_ms,5.068623786360755
DSDV,delay_ms,9.680304982344854
DSDV,delay_ms,9.200662340147641
DSDV,delay_ms,10.713959404678402
DSDV,delay_ms,17.166930512925923
DSDV,delay_ms,35.31760732778781
DSDV,delay_ms,4.776523585414515
DSDV,delay_ms,4.90481012000327
DSDV,delay_ms,10.453950996603755
DSDV,delay_ms,4.694003650604771
DSDV,delay_ms,15.402797486813474
DSDV,delay_ms,9.648228184225186
DSDV,delay_ms,8.997845193240206
DSDV,delay_ms,12.751325790096656
DSDV,delay_ms,9.496096225129804
DSDV,delay_ms,18.94606217449653
DSDV,delay_ms,4.785884413586217
DSDV,delay_ms,8.315348692381026
DSDV,delay_ms,4.820434357187784
DSDV,delay_ms,28.730465741348663
DSDV,delay_ms,4.776523585414515
DSDV,delay_ms,4.924494680487064
DSDV,delay_ms,8.283804662701435
DSDV,delay_ms,33.387846293103586
DSDV,delay_ms,8.066903659225847
DSDV,delay_ms,13.533759771000662
DSDV,delay_ms,9.80832468664141
DSDV,delay_ms,9.809528966423509
DSDV,delay_ms,4.646264911890135
DSDV,delay_ms,16.765560965850185
DSDV,delay_ms,8.045502749084909
DSDV,delay_ms,17.539702000337208
DSDV,delay_ms,51.483315874420946
DSDV,delay_ms,8.075355003879448
DSDV,delay_ms,4.959764216493591
DSDV,delay_ms,8.952672218174683
DSDV,delay_ms,9.681109821551214
DSDV,delay_ms,5.049074188868351
DSDV,delay_ms,4.958558949774496
DSDV,delay_ms,9.764138500317141
DSDV,delay_ms,4.555522690076639
DSDV,delay_ms,5.073393502999718
DSDV,delay_ms,25.31264087852241
DSDV,delay_ms,9.760181743191014
DSDV,delay_ms,51.61368203167019
DSDV,delay_ms,31.430919887092298
DSDV,delay_ms,4.669531964633321
DSDV,delay_ms,9.763412196483799
DSDV,delay_ms,21.81475290567664
DSDV,delay_ms,17.292843048505958
DSDV,delay_ms,25.931453439065038
DSDV,delay_ms,4.8695889325848984
DSDV,delay_ms,13.411362917387804
DSDV,delay_ms,13.059118571179635
DSDV,delay_ms,11.653302566159313
DSDV,delay_ms,4.556277512859696
DSDV,delay_ms,23.41177036415993
DSDV,throughput_mbps,2.3016
DSDV,throughput_mbps,1.6439999999999995
DSDV,throughput_mbps,1.9727999999999997
DSDV,throughput_mbps,0.8219999999999997
DSDV,throughput_mbps,0.8219999999999997
DSDV,throughput_mbps,5.4251999999999985
DSDV,throughput_mbps,7.726799999999998
DSDV,throughput_mbps,5.589599999999999
DSDV,throughput_mbps,5.4251999999999985
DSDV,throughput_mbps,7.726799999999998
DSDV,throughput_mbps,6.411599999999999
DSDV,throughput_mbps,2.1372
DSDV,throughput_mbps,7.726799999999998
DSDV,throughput_mbps,0.8219999999999997
DSDV,throughput_mbps,0.8219999999999997
DSDV,throughput_mbps,6.904799999999999
DSDV,throughput_mbps,0.8219999999999997
DSDV,throughput_mbps,6.576
DSDV,throughput_mbps,6.740399999999999
DSDV,throughput_mbps,5.918399999999999
DSDV,throughput_mbps,1.4796000000000002
DSDV,throughput_mbps,6.904799999999999
DSDV,throughput_mbps,7.233599999999999
DSDV,throughput_mbps,1.4796000000000002
DSDV,throughput_mbps,1.1508
DSDV,throughput_mbps,5.4251999999999985
DSDV,throughput_mbps,7.233599999999999
DSDV,throughput_mbps,1.1508
DSDV,throughput_mbps,0.8219999999999997
DSDV,throughput_mbps,0.8219999999999997
DSDV,throughput_mbps,0.8219999999999997
DSDV,throughput_mbps,1.8083999999999996
DSDV,throughput_mbps,5.918399999999999
DSDV,throughput_mbps,0.8219999999999997
DSDV,throughput_mbps,0.8219999999999997
DSDV,throughput_mbps,0.9863999999999998
DSDV,throughput_mbps,0.8219999999999997
DSDV,throughput_mbps,6.411599999999999
DSDV,throughput_mbps,1.1508
DSDV,throughput_mbps,1.8083999999999996
DSDV,throughput_mbps,2.3016
DSDV,throughput_mbps,1.8083999999999996
DSDV,throughput_mbps,6.247199999999999
DSDV,throughput_mbps,6.904799999999999
DSDV,throughput_mbps,2.466
DSDV,throughput_mbps,0.9863999999999998
DSDV,throughput_mbps,2.466
DSDV,throughput_mbps,5.589599999999999
DSDV,throughput_mbps,0.8219999999999997
DSDV,throughput_mbps,7.233599999999999
DSDV,throughput_mbps,2.3016
DSDV,throughput_mbps,1.8083999999999996
DSDV,throughput_mbps,6.740399999999999
DSDV,throughput_mbps,0.8219999999999997
DSDV,throughput_mbps,2.1372
DSDV,throughput_mbps,1.6439999999999995
DSDV,throughput_mbps,1.4796000000000002
DSDV,throughput_mbps,6.904799999999999
DSDV,throughput_mbps,0.8219999999999997
DSDV,throughput_mbps,6.247199999999999
DSDV,throughput_mbps,5.4251999999999985
DSDV,throughput_mbps,7.069199999999999
DSDV,throughput_mbps,1.4796000000000002
DSDV,throughput_mbps,0.8219999999999997
DSDV,throughput_mbps,6.247199999999999
DSDV,throughput_mbps,6.082799999999999
DSDV,throughput_mbps,0.8219999999999997
DSDV,throughput_mbps,2.3016
DSDV,throughput_mbps,6.247199999999999
DSDV,throughput_mbps,5.589599999999999
DSDV,throughput_mbps,6.247199999999999
DSDV,throughput_mbps,2.1372
DSDV,throughput_mbps,7.233599999999999
DSDV,throughput_mbps,2.3016
DSDV,throughput_mbps,1.3152000000000001
DSDV,throughput_mbps,6.411599999999999
DSDV,throughput_mbps,0.8219999999999997
DSDV,throughput_mbps,1.9727999999999997
DSDV,throughput_mbps,5.753999999999999
DSDV,throughput_mbps,7.069199999999999
DSDV,throughput_mbps,6.082799999999999
DSDV,throughput_mbps,2.466
DSDV,throughput_mbps,0.8219999999999997
DSDV,throughput_mbps,1.1508
DSDV,throughput_mbps,6.740399999999999
DSDV,throughput_mbps,5.4251999999999985
DSDV,throughput_mbps,1.1508
DSDV,throughput_mbps,6.904799999999999
DSDV,throughput_mbps,5.4251999999999985
DSDV,throughput_mbps,6.411599999999999
DSDV,throughput_mbps,0.8219999999999997
DSDV,throughput_mbps,0.8219999999999997
DSDV,throughput_mbps,1.4796000000000002
DSDV,throughput_mbps,0.8219999999999997
DSDV,throughput_mbps,6.740399999999999
DSDV,throughput_mbps,1.3152000000000001
DSDV,throughput_mbps,2.1372
DSDV,throughput_mbps,0.9863999999999998
DSDV,throughput_mbps,6.082799999999999
DSDV,throughput_mbps,6.247199999999999
DSDV,throughput_mbps,5.589599999999999
DSDV,throughput_mbps,6.411599999999999
DSDV,throughput_mbps,0.8219999999999997
DSDV,throughput_mbps,5.753999999999999
DSDV,throughput_mbps,5.918399999999999
DSDV,throughput_mbps,1.9727999999999997
DSDV,throughput_mbps,1.4796000000000002
DSDV,throughput_mbps,1.3152000000000001
DSDV,throughput_mbps,0.8219999999999997
DSDV,throughput_mbps,6.740399999999999
DSDV,throughput_mbps,6.247199999999999
DSDV,throughput_mbps,1.6439999999999995
DSDV,throughput_mbps,7.069199999999999
DSDV,throughput_mbps,1.6439999999999995
DSDV,throughput_mbps,1.8083999999999996
DSDV,throughput_mbps,1.9727999999999997
DSDV,throughput_mbps,1.1508
DSDV,throughput_mbps,1.8083999999999996
DSDV,throughput_mbps,0.8219999999999997
DSDV,throughput_mbps,6.740399999999999
DSDV,throughput_mbps,2.3016
DSDV,throughput_mbps,6.576
DSDV,throughput_mbps,0.8219999999999997
DSDV,throughput_mbps,6.740399999999999
DSDV,throughput_mbps,6.247199999999999
DSDV,throughput_mbps,2.3016
DSDV,throughput_mbps,0.8219999999999997
DSDV,throughput_mbps,2.3016
DSDV,throughput_mbps,2.3016
DSDV,throughput_mbps,5.753999999999999
DSDV,throughput_mbps,1.8083999999999996
DSDV,throughput_mbps,7.233599999999999
DSDV,throughput_mbps,1.3152000000000001
DSDV,throughput_mbps,2.3016
DSDV,throughput_mbps,1.1508
DSDV,throughput_mbps,0.8219999999999997
DSDV,throughput_mbps,2.3016
DSDV,throughput_mbps,6.082799999999999
DSDV,throughput_mbps,1.9727999999999997
DSDV,throughput_mbps,1.8083999999999996
DSDV,throughput_mbps,5.918399999999999
DSDV,throughput_mbps,6.082799999999999
DSDV,throughput_mbps,6.247199999999999
DSDV,throughput_mbps,7.726799999999998
DSDV,throughput_mbps,5.753999999999999
DSDV,throughput_mbps,1.1508
DSDV,throughput_mbps,6.247199999999999
DSDV,throughput_mbps,0.8219999999999997
DSDV,throughput_mbps,0.8219999999999997
DSDV,throughput_mbps,7.233599999999999
DSDV,throughput_mbps,1.8083999999999996
DSDV,throughput_mbps,1.3152000000000001
DSDV,throughput_mbps,1.3152000000000001
DSDV,throughput_mbps,1.1508
DSDV,throughput_mbps,6.411599999999999
DSDV,throughput_mbps,1.1508
DSDV,throughput_mbps,2.3016
DSDV,throughput_mbps,1.3152000000000001
DSDV,throughput_mbps,7.726799999999998
DSDV,throughput_mbps,0.8219999999999997
Proposed,delay_ms,5.3647860006983805
Proposed,delay_ms,7.505717317892457
Proposed,delay_ms,6.264928066442737
Proposed,delay_ms,2.2235845335610196
Proposed,delay_ms,2.837600667807263
Proposed,delay_ms,2.2083942441915543
Proposed,delay_ms,1.5537209229370703
Proposed,delay_ms,2.1558064547271525
Proposed,delay_ms,3.1028242347918806
Proposed,delay_ms,3.1114238157918397
Proposed,delay_ms,1.854394199714883
Proposed,delay_ms,5.797790047007813
Proposed,delay_ms,1.547462556196289
Proposed,delay_ms,2.154447503794346
Proposed,delay_ms,1.9189350272330985
Proposed,delay_ms,1.7291919777012792
Proposed,delay_ms,3.1062399494498014
Proposed,delay_ms,1.844413240131249
Proposed,delay_ms,1.7596590033897896
Proposed,delay_ms,2.013350311213723
Proposed,delay_ms,8.203204889599574
Proposed,delay_ms,1.7437624738748188
Proposed,delay_ms,3.501489521503456
Proposed,delay_ms,8.208187018283091
Proposed,delay_ms,2.5617593852418556
Proposed,delay_ms,2.22213862256026
Proposed,delay_ms,1.646416417266583
Proposed,delay_ms,1.7993387031935768
Proposed,delay_ms,3.1062399494498014
Proposed,delay_ms,3.1999319606826995
Proposed,delay_ms,2.0475145041027774
Proposed,delay_ms,6.901990151253882
Proposed,delay_ms,2.04631219165
Proposed,delay_ms,3.4636863339315513
Proposed,delay_ms,1.7989179325899316
Proposed,delay_ms,3.382253240525347
Proposed,delay_ms,1.571973602253113
Proposed,delay_ms,1.882921225239257
Proposed,delay_ms,1.8318390282960129
Proposed,delay_ms,6.642672315861183
Proposed,delay_ms,3.3525267414691844
Proposed,delay_ms,6.605173041834316
Proposed,delay_ms,1.7745389197400347
Proposed,delay_ms,1.7290959837716742
Proposed,delay_ms,1.8794912292258603
Proposed,delay_ms,2.0512975145321413
Proposed,delay_ms,2.046080144698585
Proposed,delay_ms,2.138616257804409
Proposed,delay_ms,3.1802161063557906
Proposed,delay_ms,1.666428338029776
Proposed,delay_ms,2.034869263626134
Proposed,delay_ms,6.765896820600454
Proposed,delay_ms,1.781377484837898
Proposed,delay_ms,3.2191902893445246
Proposed,delay_ms,5.564890774742558
Proposed,delay_ms,7.118184147202837
Proposed,delay_ms,7.996647378605444
Proposed,delay_ms,1.7307700468967222
Proposed,delay_ms,3.5835818303889524
Proposed,delay_ms,1.9360123082159055
Proposed,delay_ms,2.238078208576243
Proposed,delay_ms,3.236997891803446
Proposed,delay_ms,3.483040457716333
Proposed,delay_ms,3.2555364003205947
Proposed,delay_ms,1.925351431012488
Proposed,delay_ms,3.482540957753156
Proposed,delay_ms,3.1001357018323374
Proposed,delay_ms,5.318217388968685
Proposed,delay_ms,3.419457481830123
Proposed,delay_ms,2.1309552913197725
Proposed,delay_ms,2.619527578787057
Proposed,delay_ms,0.5100613932853229
Proposed,delay_ms,1.6629106272352547
Proposed,delay_ms,5.199268161434492
Proposed,delay_ms,8.705732270735995
Proposed,delay_ms,1.879805873427064
Proposed,delay_ms,6.551951847467712
Proposed,delay_ms,6.0773379982398
Proposed,delay_ms,3.4033163522803287
Proposed,delay_ms,1.5653520741510898
Proposed,delay_ms,0.8067055982219957
Proposed,delay_ms,5.011906443127539
Proposed,delay_ms,2.473880917173391
Proposed,delay_ms,36.52109954831
Proposed,delay_ms,1.357089827208962
Proposed,delay_ms,2.2687157540177303
Proposed,delay_ms,0.7421674374287799
Proposed,delay_ms,1.7421340041148228
Proposed,delay_ms,2.189564897793445
Proposed,delay_ms,3.7605818095766983
Proposed,delay_ms,2.5222504299576016
Proposed,delay_ms,1.6248881073749435
Proposed,delay_ms,3.9856026406156366
Proposed,delay_ms,1.7615564121322014
Proposed,delay_ms,1.8674461512214657
Proposed,delay_ms,1.441841264002813
Proposed,delay_ms,1.6338356281214765
Proposed,delay_ms,4.7727107329968534
Proposed,delay_ms,0.8112314910171773
Proposed,delay_ms,1.4753997214157586
Proposed,delay_ms,1.3712109129989487
Proposed,delay_ms,1.855266482552962
Proposed,delay_ms,2.1057528601229225
Proposed,delay_ms,0.7014797172134999
Proposed,delay_ms,2.426297768584923
Proposed,delay_ms,1.926706309464984
Proposed,delay_ms,2.48991108279459
Proposed,delay_ms,0.3719945701728001
Proposed,delay_ms,2.8845662258005405
Proposed,delay_ms,2.287807049409128
Proposed,delay_ms,0.6678636971979345
Proposed,delay_ms,2.414355797389418
Proposed,delay_ms,3.8251336725506135
Proposed,delay_ms,2.7435624582783094
Proposed,delay_ms,0.9175559118200438
Proposed,delay_ms,5.997845193240206
Proposed,delay_ms,2.4370157038949696
Proposed,delay_ms,6.496096225129803
Proposed,delay_ms,1.0979370435558544
Proposed,delay_ms,1.7858844135862173
Proposed,delay_ms,5.3153486923810265
Proposed,delay_ms,1.9554727693658955
Proposed,delay_ms,3.5957328518911167
Proposed,delay_ms,1.7765235854145152
Proposed,delay_ms,1.9244946804870644
Proposed,delay_ms,5.283804662701435
Proposed,delay_ms,12.142848027664252
Proposed,delay_ms,5.066903659225848
Proposed,delay_ms,1.576835888616115
Proposed,delay_ms,0.8816635977872309
Proposed,delay_ms,2.0692358625350673
Proposed,delay_ms,6.523159257697237
Proposed,delay_ms,7.211468693100575
Proposed,delay_ms,5.672190323947391
Proposed,delay_ms,10.284370872804494
Proposed,delay_ms,6.520878361688991
Proposed,delay_ms,5.075355003879448
Proposed,delay_ms,11.174316020620495
Proposed,delay_ms,5.952672218174683
Proposed,delay_ms,4.214199015469282
Proposed,delay_ms,2.049074188868351
Proposed,delay_ms,1.9585589497744964
Proposed,delay_ms,1.943430565624225
Proposed,delay_ms,1.5555226900766397
Proposed,delay_ms,2.0733935029997177
Proposed,delay_ms,3.3250874452891033
Proposed,delay_ms,1.8994473177773523
Proposed,delay_ms,3.559144823480376
Proposed,delay_ms,3.8766100492815205
Proposed,delay_ms,3.74999804616163
Proposed,delay_ms,2.279920623770928
Proposed,delay_ms,1.7032151050582112
Proposed,delay_ms,3.754032614094317
Proposed,delay_ms,4.3589573206281935
Proposed,delay_ms,1.869588932584898
Proposed,delay_ms,3.798508815288769
Proposed,delay_ms,0.3816902859213466
Proposed,delay_ms,8.653302566159313
Proposed,delay_ms,4.012427958875377
Proposed,delay_ms,1.9430044590513136
Proposed,throughput_mbps,2.3016
Proposed,throughput_mbps,1.6439999999999995
Proposed,throughput_mbps,1.9727999999999997
Proposed,throughput_mbps,6.247199999999999
Proposed,throughput_mbps,6.904799999999999
Proposed,throughput_mbps,5.4251999999999985
Proposed,throughput_mbps,7.726799999999998
Proposed,throughput_mbps,5.589599999999999
Proposed,throughput_mbps,7.726799999999998
Proposed,throughput_mbps,7.562399999999999
Proposed,throughput_mbps,6.411599999999999
Proposed,throughput_mbps,2.1372
Proposed,throughput_mbps,7.726799999999998
Proposed,throughput_mbps,5.589599999999999
Proposed,throughput_mbps,6.247199999999999
Proposed,throughput_mbps,6.904799999999999
Proposed,throughput_mbps,7.726799999999998
Proposed,throughput_mbps,6.576
Proposed,throughput_mbps,6.740399999999999
Proposed,throughput_mbps,5.918399999999999
Proposed,throughput_mbps,1.4796000000000002
Proposed,throughput_mbps,6.904799999999999
Proposed,throughput_mbps,6.411599999999999
Proposed,throughput_mbps,1.4796000000000002
Proposed,throughput_mbps,7.069199999999999
Proposed,throughput_mbps,5.4251999999999985
Proposed,throughput_mbps,7.233599999999999
Proposed,throughput_mbps,6.740399999999999
Proposed,throughput_mbps,7.726799999999998
Proposed,throughput_mbps,7.397999999999999
Proposed,throughput_mbps,5.918399999999999
Proposed,throughput_mbps,1.8083999999999996
Proposed,throughput_mbps,5.918399999999999
Proposed,throughput_mbps,6.411599999999999
Proposed,throughput_mbps,7.726799999999998
Proposed,throughput_mbps,7.069199999999999
Proposed,throughput_mbps,7.562399999999999
Proposed,throughput_mbps,6.411599999999999
Proposed,throughput_mbps,7.726799999999998
Proposed,throughput_mbps,1.8083999999999996
Proposed,throughput_mbps,7.069199999999999
Proposed,throughput_mbps,1.8083999999999996
Proposed,throughput_mbps,6.740399999999999
Proposed,throughput_mbps,6.904799999999999
Proposed,throughput_mbps,6.411599999999999
Proposed,throughput_mbps,6.904799999999999
Proposed,throughput_mbps,5.918399999999999
Proposed,throughput_mbps,5.589599999999999
Proposed,throughput_mbps,7.397999999999999
Proposed,throughput_mbps,7.233599999999999
Proposed,throughput_mbps,6.576
Proposed,throughput_mbps,1.8083999999999996
Proposed,throughput_mbps,6.740399999999999
Proposed,throughput_mbps,7.233599999999999
Proposed,throughput_mbps,2.1372
Proposed,throughput_mbps,1.6439999999999995
Proposed,throughput_mbps,1.4796000000000002
Proposed,throughput_mbps,6.904799999999999
Proposed,throughput_mbps,6.082799999999999
Proposed,throughput_mbps,6.247199999999999
Proposed,throughput_mbps,5.4251999999999985
Proposed,throughput_mbps,7.233599999999999
Proposed,throughput_mbps,6.411599999999999
Proposed,throughput_mbps,7.233599999999999
Proposed,throughput_mbps,6.247199999999999
Proposed,throughput_mbps,6.740399999999999
Proposed,throughput_mbps,7.726799999999998
Proposed,throughput_mbps,2.3016
Proposed,throughput_mbps,6.740399999999999
Proposed,throughput_mbps,5.589599999999999
Proposed,throughput_mbps,5.4251999999999985
Proposed,throughput_mbps,44.704362400579186
Proposed,throughput_mbps,7.233599999999999
Proposed,throughput_mbps,2.3016
Proposed,throughput_mbps,1.3152000000000001
Proposed,throughput_mbps,6.411599999999999
Proposed,throughput_mbps,1.8083999999999996
Proposed,throughput_mbps,1.9727999999999997
Proposed,throughput_mbps,6.904799999999999
Proposed,throughput_mbps,7.726799999999998
Proposed,throughput_mbps,23.90012774670828
Proposed,throughput_mbps,2.466
Proposed,throughput_mbps,6.740399999999999
Proposed,throughput_mbps,0.8219999999999997
Proposed,throughput_mbps,28.942189315742187
Proposed,throughput_mbps,6.082799999999999
Proposed,throughput_mbps,32.02732271572297
Proposed,throughput_mbps,6.904799999999999
Proposed,throughput_mbps,5.4251999999999985
Proposed,throughput_mbps,6.904799999999999
Proposed,throughput_mbps,6.576
Proposed,throughput_mbps,31.546802100150227
Proposed,throughput_mbps,5.753999999999999
Proposed,throughput_mbps,27.374401015145487
Proposed,throughput_mbps,22.116538676917102
Proposed,throughput_mbps,11.924800619465163
Proposed,throughput_mbps,14.887287551666303
Proposed,throughput_mbps,6.411599999999999
Proposed,throughput_mbps,26.00767593132211
Proposed,throughput_mbps,29.976934265579988
Proposed,throughput_mbps,28.911897961314512
Proposed,throughput_mbps,6.411599999999999
Proposed,throughput_mbps,6.576
Proposed,throughput_mbps,29.651719503306477
Proposed,throughput_mbps,7.397999999999999
Proposed,throughput_mbps,7.726799999999998
Proposed,throughput_mbps,7.233599999999999
Proposed,throughput_mbps,32.61559217509668
Proposed,throughput_mbps,28.243808227759
Proposed,throughput_mbps,25.36211043838523
Proposed,throughput_mbps,30.15660902305192
Proposed,throughput_mbps,20.198239015930355
Proposed,throughput_mbps,5.4251999999999985
Proposed,throughput_mbps,6.740399999999999
Proposed,throughput_mbps,36.7398035674452
Proposed,throughput_mbps,1.9727999999999997
Proposed,throughput_mbps,5.589599999999999
Proposed,throughput_mbps,1.8083999999999996
Proposed,throughput_mbps,28.532696742821663
Proposed,throughput_mbps,6.740399999999999
Proposed,throughput_mbps,2.3016
Proposed,throughput_mbps,6.904799999999999
Proposed,throughput_mbps,6.411599999999999
Proposed,throughput_mbps,6.740399999999999
Proposed,throughput_mbps,6.247199999999999
Proposed,throughput_mbps,2.3016
Proposed,throughput_mbps,0.9863999999999998
Proposed,throughput_mbps,2.3016
Proposed,throughput_mbps,7.562399999999999
Proposed,throughput_mbps,14.033028591641907
Proposed,throughput_mbps,6.740399999999999
Proposed,throughput_mbps,7.069199999999999
Proposed,throughput_mbps,2.3016
Proposed,throughput_mbps,5.589599999999999
Proposed,throughput_mbps,1.1508
Proposed,throughput_mbps,1.8083999999999996
Proposed,throughput_mbps,2.3016
Proposed,throughput_mbps,1.6439999999999995
Proposed,throughput_mbps,1.9727999999999997
Proposed,throughput_mbps,5.589599999999999
Proposed,throughput_mbps,5.918399999999999
Proposed,throughput_mbps,6.082799999999999
Proposed,throughput_mbps,7.069199999999999
Proposed,throughput_mbps,7.726799999999998
Proposed,throughput_mbps,5.753999999999999
Proposed,throughput_mbps,7.069199999999999
Proposed,throughput_mbps,6.247199999999999
Proposed,throughput_mbps,6.082799999999999
Proposed,throughput_mbps,5.4251999999999985
Proposed,throughput_mbps,5.753999999999999
Proposed,throughput_mbps,6.082799999999999
Proposed,throughput_mbps,7.069199999999999
Proposed,throughput_mbps,6.082799999999999
Proposed,throughput_mbps,5.4251999999999985
Proposed,throughput_mbps,6.411599999999999
Proposed,throughput_mbps,5.918399999999999
Proposed,throughput_mbps,31.74498385492394
Proposed,throughput_mbps,1.3152000000000001
Proposed,throughput_mbps,5.589599999999999
Proposed,throughput_mbps,7.069199999999999
